{
  "granted": false,
  "target_peak_uv": 0.0,
  "nontarget_peak_uv": 0.0,
  "snr_db": -999.0,
  "message": "Insufficient target epochs: 0/2 required.",
  "erp_data": {
    "t_ms": [
      0.0,
      4.0201005025125625,
      8.040201005025125,
      12.060301507537687,
      16.08040201005025,
      20.100502512562812,
      24.120603015075375,
      28.140703517587937,
      32.1608040201005,
      36.18090452261306,
      40.201005025125625,
      44.22110552763819,
      48.24120603015075,
      52.26130653266331,
      56.281407035175874,
      60.30150753768844,
      64.321608040201,
      68.34170854271356,
      72.36180904522612,
      76.38190954773869,
      80.40201005025125,
      84.42211055276381,
      88.44221105527637,
      92.46231155778894,
      96.4824120603015,
      100.50251256281406,
      104.52261306532662,
      108.54271356783919,
      112.56281407035175,
      116.58291457286431,
      120.60301507537687,
      124.62311557788944,
      128.643216080402,
      132.66331658291455,
      136.68341708542712,
      140.7035175879397,
      144.72361809045225,
      148.7437185929648,
      152.76381909547737,
      156.78391959798995,
      160.8040201005025,
      164.82412060301505,
      168.84422110552762,
      172.8643216080402,
      176.88442211055275,
      180.9045226130653,
      184.92462311557787,
      188.94472361809045,
      192.964824120603,
      196.98492462311555,
      201.00502512562812,
      205.0251256281407,
      209.04522613065325,
      213.0653266331658,
      217.08542713567837,
      221.10552763819095,
      225.1256281407035,
      229.14572864321605,
      233.16582914572862,
      237.1859296482412,
      241.20603015075375,
      245.2261306532663,
      249.24623115577887,
      253.26633165829145,
      257.286432160804,
      261.30653266331655,
      265.3266331658291,
      269.3467336683417,
      273.36683417085425,
      277.3869346733668,
      281.4070351758794,
      285.42713567839195,
      289.4472361809045,
      293.46733668341705,
      297.4874371859296,
      301.5075376884422,
      305.52763819095475,
      309.5477386934673,
      313.5678391959799,
      317.58793969849245,
      321.608040201005,
      325.62814070351754,
      329.6482412060301,
      333.6683417085427,
      337.68844221105525,
      341.7085427135678,
      345.7286432160804,
      349.74874371859295,
      353.7688442211055,
      357.78894472361804,
      361.8090452261306,
      365.8291457286432,
      369.84924623115575,
      373.8693467336683,
      377.8894472361809,
      381.90954773869345,
      385.929648241206,
      389.94974874371854,
      393.9698492462311,
      397.9899497487437,
      402.01005025125625,
      406.0301507537688,
      410.0502512562814,
      414.07035175879395,
      418.0904522613065,
      422.11055276381904,
      426.1306532663316,
      430.1507537688442,
      434.17085427135675,
      438.1909547738693,
      442.2110552763819,
      446.23115577889445,
      450.251256281407,
      454.27135678391954,
      458.2914572864321,
      462.3115577889447,
      466.33165829145725,
      470.3517587939698,
      474.3718592964824,
      478.39195979899495,
      482.4120603015075,
      486.43216080402004,
      490.4522613065326,
      494.4723618090452,
      498.49246231155774,
      502.5125628140703,
      506.5326633165829,
      510.55276381909545,
      514.572864321608,
      518.5929648241206,
      522.6130653266331,
      526.6331658291457,
      530.6532663316582,
      534.6733668341708,
      538.6934673366834,
      542.7135678391959,
      546.7336683417085,
      550.7537688442211,
      554.7738693467336,
      558.7939698492462,
      562.8140703517588,
      566.8341708542713,
      570.8542713567839,
      574.8743718592964,
      578.894472361809,
      582.9145728643216,
      586.9346733668341,
      590.9547738693467,
      594.9748743718592,
      598.9949748743718,
      603.0150753768844,
      607.0351758793969,
      611.0552763819095,
      615.0753768844221,
      619.0954773869346,
      623.1155778894472,
      627.1356783919598,
      631.1557788944723,
      635.1758793969849,
      639.1959798994974,
      643.21608040201,
      647.2361809045226,
      651.2562814070351,
      655.2763819095477,
      659.2964824120602,
      663.3165829145728,
      667.3366834170854,
      671.3567839195979,
      675.3768844221105,
      679.3969849246231,
      683.4170854271356,
      687.4371859296482,
      691.4572864321608,
      695.4773869346733,
      699.4974874371859,
      703.5175879396984,
      707.537688442211,
      711.5577889447236,
      715.5778894472361,
      719.5979899497487,
      723.6180904522612,
      727.6381909547738,
      731.6582914572864,
      735.6783919597989,
      739.6984924623115,
      743.7185929648241,
      747.7386934673366,
      751.7587939698492,
      755.7788944723618,
      759.7989949748743,
      763.8190954773869,
      767.8391959798994,
      771.859296482412,
      775.8793969849246,
      779.8994974874371,
      783.9195979899497,
      787.9396984924622,
      791.9597989949748,
      795.9798994974874,
      800.0
    ],
    "target": [
      0.0,
      0.0,
      0.0,
      0.0,
      0.0,
      0.0,
      0.0,
      0.0,
      0.0,
      0.0,
      0.0,
      0.0,
      0.0,
      0.0,
      0.0,
      0.0,
      0.0,
      0.0,
      0.0,
      0.0,
      0.0,
      0.0,
      0.0,
      0.0,
      0.0,
      0.0,
      0.0,
      0.0,
      0.0,
      0.0,
      0.0,
      0.0,
      0.0,
      0.0,
      0.0,
      0.0,
      0.0,
      0.0,
      0.0,
      0.0,
      0.0,
      0.0,
      0.0,
      0.0,
      0.0,
      0.0,
      0.0,
      0.0,
      0.0,
      0.0,
      0.0,
      0.0,
      0.0,
      0.0,
      0.0,
      0.0,
      0.0,
      0.0,
      0.0,
      0.0,
      0.0,
      0.0,
      0.0,
      0.0,
      0.0,
      0.0,
      0.0,
      0.0,
      0.0,
      0.0,
      0.0,
      0.0,
      0.0,
      0.0,
      0.0,
      0.0,
      0.0,
      0.0,
      0.0,
      0.0,
      0.0,
      0.0,
      0.0,
      0.0,
      0.0,
      0.0,
      0.0,
      0.0,
      0.0,
      0.0,
      0.0,
      0.0,
      0.0,
      0.0,
      0.0,
      0.0,
      0.0,
      0.0,
      0.0,
      0.0,
      0.0,
      0.0,
      0.0,
      0.0,
      0.0,
      0.0,
      0.0,
      0.0,
      0.0,
      0.0,
      0.0,
      0.0,
      0.0,
      0.0,
      0.0,
      0.0,
      0.0,
      0.0,
      0.0,
      0.0,
      0.0,
      0.0,
      0.0,
      0.0,
      0.0,
      0.0,
      0.0,
      0.0,
      0.0,
      0.0,
      0.0,
      0.0,
      0.0,
      0.0,
      0.0,
      0.0,
      0.0,
      0.0,
      0.0,
      0.0,
      0.0,
      0.0,
      0.0,
      0.0,
      0.0,
      0.0,
      0.0,
      0.0,
      0.0,
      0.0,
      0.0,
      0.0,
      0.0,
      0.0,
      0.0,
      0.0,
      0.0,
      0.0,
      0.0,
      0.0,
      0.0,
      0.0,
      0.0,
      0.0,
      0.0,
      0.0,
      0.0,
      0.0,
      0.0,
      0.0,
      0.0,
      0.0,
      0.0,
      0.0,
      0.0,
      0.0,
      0.0,
      0.0,
      0.0,
      0.0,
      0.0,
      0.0,
      0.0,
      0.0,
      0.0,
      0.0,
      0.0,
      0.0,
      0.0,
      0.0,
      0.0,
      0.0,
      0.0,
      0.0,
      0.0,
      0.0,
      0.0,
      0.0,
      0.0,
      0.0
    ],